object_id,Relief_Distribution_Salt_In_Q,timeperiod
101.0,0.5,2023_07
102.0,0.0,2023_07
103.0,0.37,2023_07
104.0,0.07,2023_07
105.0,0.0,2023_07
109.0,0.0,2023_07
110.0,0.31,2023_07
111.0,0.0,2023_07
112.0,0.0,2023_07
113.0,0.0,2023_07
114.0,0.0,2023_07
115.0,0.0,2023_07
116.0,0.0,2023_07
117.0,0.0,2023_07
118.0,0.0,2023_07
119.0,0.0,2023_07
120.0,0.0,2023_07
121.0,4.5,2023_07
122.0,0.0,2023_07
123.0,0.0,2023_07
124.0,0.0,2023_07
126.0,0.0,2023_07
127.0,0.0,2023_07
128.0,0.0,2023_07
129.0,0.0,2023_07
130.0,0.0,2023_07
131.0,0.0,2023_07
132.0,0.0,2023_07
133.0,0.0,2023_07
134.0,0.0,2023_07
135.0,0.0,2023_07
136.0,0.0,2023_07
137.0,0.0,2023_07
138.0,4.05,2023_07
139.0,0.0,2023_07
140.0,0.0,2023_07
141.0,0.29,2023_07
142.0,21.99,2023_07
143.0,14.05,2023_07
144.0,2.83,2023_07
145.0,1.23,2023_07
146.0,0.0,2023_07
147.0,0.0,2023_07
150.0,9.37,2023_07
151.0,8.89,2023_07
152.0,23.42,2023_07
153.0,9.08,2023_07
154.0,0.16,2023_07
155.0,0.0,2023_07
156.0,2.78,2023_07
157.0,0.0,2023_07
158.0,3.49,2023_07
159.0,2.79,2023_07
160.0,6.28,2023_07
161.0,0.0,2023_07
162.0,2.04,2023_07
163.0,0.0,2023_07
164.0,0.0,2023_07
165.0,0.0,2023_07
166.0,19.28,2023_07
167.0,0.0,2023_07
168.0,8.24,2023_07
169.0,0.0,2023_07
170.0,0.0,2023_07
171.0,0.0,2023_07
172.0,27.64,2023_07
173.0,1.17,2023_07
174.0,0.18,2023_07
175.0,0.0,2023_07
176.0,0.0,2023_07
177.0,0.0,2023_07
178.0,0.0,2023_07
179.0,0.0,2023_07
181.0,0.0,2023_07
184.0,0.0,2023_07
185.0,0.0,2023_07
186.0,0.0,2023_07
187.0,0.0,2023_07
188.0,0.0,2023_07
189.0,0.0,2023_07
190.0,0.0,2023_07
191.0,0.0,2023_07
192.0,0.12,2023_07
193.0,0.0,2023_07
194.0,0.0,2023_07
195.0,0.0,2023_07
196.0,0.0,2023_07
197.0,0.0,2023_07
198.0,0.0,2023_07
199.0,0.0,2023_07
200.0,0.0,2023_07
201.0,0.0,2023_07
202.0,0.0,2023_07
205.0,7.859999999999999,2023_07
206.0,3.65,2023_07
207.0,11.08,2023_07
208.0,0.0,2023_07
209.0,0.0,2023_07
210.0,0.0,2023_07
211.0,0.0,2023_07
212.0,0.0,2023_07
213.0,0.0,2023_07
214.0,0.0,2023_07
215.0,0.0,2023_07
216.0,0.0,2023_07
217.0,0.01,2023_07
219.0,0.0,2023_07
220.0,0.0,2023_07
221.0,0.0,2023_07
222.0,0.0,2023_07
223.0,0.0,2023_07
224.0,0.0,2023_07
225.0,0.0,2023_07
226.0,0.0,2023_07
227.0,0.0,2023_07
228.0,0.0,2023_07
230.0,0.0,2023_07
231.0,0.0,2023_07
233.0,0.36,2023_07
234.0,0.0,2023_07
238.0,0.0,2023_07
239.0,2.15,2023_07
241.0,0.0,2023_07
243.0,0.0,2023_07
245.0,0.0,2023_07
246.0,0.0,2023_07
247.0,0.11,2023_07
248.0,0.0,2023_07
249.0,0.0,2023_07
250.0,0.0,2023_07
251.0,0.0,2023_07
252.0,0.0,2023_07
253.0,0.0,2023_07
254.0,0.0,2023_07
255.0,0.0,2023_07
256.0,0.0,2023_07
257.0,0.0,2023_07
259.0,0.0,2023_07
260.0,0.0,2023_07
261.0,0.1,2023_07
262.0,0.0,2023_07
264.0,0.0,2023_07
265.0,0.0,2023_07
266.0,0.0,2023_07
268.0,0.0,2023_07
269.0,0.0,2023_07
270.0,0.0,2023_07
271.0,0.0,2023_07
272.0,0.0,2023_07
273.0,0.0,2023_07
275.0,0.0,2023_07
276.0,0.0,2023_07
277.0,0.23,2023_07
278.0,0.0,2023_07
279.0,0.92,2023_07
280.0,0.0,2023_07
281.0,1.1,2023_07
101.0,0.26,2023_08
102.0,0.0,2023_08
103.0,0.45,2023_08
104.0,0.0,2023_08
105.0,0.0,2023_08
109.0,0.0,2023_08
110.0,0.0,2023_08
111.0,0.0,2023_08
112.0,0.0,2023_08
113.0,0.0,2023_08
114.0,0.0,2023_08
115.0,0.0,2023_08
116.0,0.0,2023_08
117.0,0.0,2023_08
118.0,0.0,2023_08
119.0,0.0,2023_08
120.0,0.0,2023_08
121.0,0.0,2023_08
122.0,0.0,2023_08
123.0,0.0,2023_08
124.0,0.0,2023_08
126.0,0.0,2023_08
127.0,0.0,2023_08
128.0,0.0,2023_08
129.0,0.0,2023_08
130.0,0.0,2023_08
131.0,0.0,2023_08
132.0,0.0,2023_08
133.0,0.0,2023_08
134.0,0.0,2023_08
135.0,0.0,2023_08
136.0,0.0,2023_08
137.0,0.38,2023_08
138.0,33.4,2023_08
139.0,4.13,2023_08
140.0,0.45,2023_08
141.0,10.92,2023_08
142.0,10.32,2023_08
143.0,0.0,2023_08
144.0,0.0,2023_08
145.0,50.08,2023_08
146.0,0.59,2023_08
147.0,1.25,2023_08
150.0,10.57,2023_08
151.0,23.29,2023_08
152.0,36.14,2023_08
153.0,22.79,2023_08
154.0,0.0,2023_08
155.0,0.0,2023_08
156.0,0.0,2023_08
157.0,0.0,2023_08
158.0,2.11,2023_08
159.0,3.6,2023_08
160.0,13.04,2023_08
161.0,0.0,2023_08
162.0,0.47,2023_08
163.0,0.0,2023_08
164.0,0.01,2023_08
165.0,1.4,2023_08
166.0,42.31,2023_08
167.0,0.0,2023_08
168.0,14.29,2023_08
169.0,0.17,2023_08
170.0,0.0,2023_08
171.0,0.0,2023_08
172.0,38.72,2023_08
173.0,2.15,2023_08
174.0,0.0,2023_08
175.0,0.0,2023_08
176.0,0.0,2023_08
177.0,0.0,2023_08
178.0,0.0,2023_08
179.0,0.0,2023_08
181.0,0.0,2023_08
184.0,0.0,2023_08
185.0,0.0,2023_08
186.0,0.0,2023_08
187.0,0.0,2023_08
188.0,0.0,2023_08
189.0,0.0,2023_08
190.0,0.0,2023_08
191.0,0.0,2023_08
192.0,0.0,2023_08
193.0,0.0,2023_08
194.0,0.0,2023_08
195.0,0.0,2023_08
196.0,0.0,2023_08
197.0,0.0,2023_08
198.0,0.0,2023_08
199.0,0.0,2023_08
200.0,0.0,2023_08
201.0,0.0,2023_08
202.0,0.0,2023_08
205.0,5.22,2023_08
206.0,1.0,2023_08
207.0,0.72,2023_08
208.0,0.0,2023_08
209.0,0.0,2023_08
210.0,0.0,2023_08
211.0,0.0,2023_08
212.0,0.0,2023_08
213.0,0.0,2023_08
214.0,0.0,2023_08
215.0,0.0,2023_08
216.0,0.0,2023_08
217.0,0.0,2023_08
219.0,0.0,2023_08
220.0,0.0,2023_08
221.0,0.0,2023_08
222.0,0.0,2023_08
223.0,0.0,2023_08
224.0,0.0,2023_08
225.0,0.0,2023_08
226.0,0.0,2023_08
227.0,0.0,2023_08
228.0,0.0,2023_08
230.0,0.0,2023_08
231.0,0.0,2023_08
233.0,0.0,2023_08
234.0,0.0,2023_08
238.0,0.0,2023_08
239.0,8.04,2023_08
241.0,0.0,2023_08
243.0,0.0,2023_08
245.0,0.9,2023_08
246.0,0.0,2023_08
247.0,0.0,2023_08
248.0,0.0,2023_08
249.0,0.0,2023_08
250.0,0.0,2023_08
251.0,0.0,2023_08
252.0,0.0,2023_08
253.0,0.0,2023_08
254.0,0.0,2023_08
255.0,0.0,2023_08
256.0,0.0,2023_08
257.0,0.0,2023_08
259.0,4.1,2023_08
260.0,0.0,2023_08
261.0,0.0,2023_08
262.0,0.0,2023_08
264.0,0.0,2023_08
265.0,0.0,2023_08
266.0,0.0,2023_08
268.0,0.72,2023_08
269.0,0.0,2023_08
270.0,0.0,2023_08
271.0,0.0,2023_08
272.0,0.0,2023_08
273.0,0.0,2023_08
275.0,0.0,2023_08
276.0,0.0,2023_08
277.0,0.0,2023_08
278.0,0.0,2023_08
279.0,0.35,2023_08
280.0,11.26,2023_08
281.0,2.21,2023_08
101.0,0.0,2022_10
102.0,0.0,2022_10
103.0,0.0,2022_10
104.0,0.0,2022_10
105.0,0.0,2022_10
109.0,0.0,2022_10
110.0,0.0,2022_10
111.0,0.0,2022_10
112.0,0.0,2022_10
113.0,0.0,2022_10
114.0,0.0,2022_10
115.0,0.0,2022_10
116.0,0.0,2022_10
117.0,0.0,2022_10
118.0,0.0,2022_10
119.0,0.0,2022_10
120.0,0.0,2022_10
121.0,0.0,2022_10
122.0,0.0,2022_10
123.0,0.0,2022_10
124.0,0.0,2022_10
126.0,0.0,2022_10
127.0,0.0,2022_10
128.0,0.0,2022_10
129.0,0.0,2022_10
130.0,0.0,2022_10
131.0,0.0,2022_10
132.0,0.0,2022_10
133.0,0.0,2022_10
134.0,0.0,2022_10
135.0,0.0,2022_10
136.0,0.0,2022_10
137.0,0.0,2022_10
138.0,0.0,2022_10
139.0,0.0,2022_10
140.0,0.0,2022_10
141.0,0.0,2022_10
142.0,0.0,2022_10
143.0,25.79,2022_10
144.0,0.0,2022_10
145.0,8.17,2022_10
146.0,0.0,2022_10
147.0,0.64,2022_10
150.0,6.0,2022_10
151.0,5.73,2022_10
152.0,0.73,2022_10
153.0,6.31,2022_10
154.0,0.0,2022_10
155.0,0.0,2022_10
156.0,2.39,2022_10
157.0,0.0,2022_10
158.0,0.0,2022_10
159.0,0.0,2022_10
160.0,3.47,2022_10
161.0,0.0,2022_10
162.0,0.0,2022_10
163.0,0.0,2022_10
164.0,0.0,2022_10
165.0,0.0,2022_10
166.0,0.0,2022_10
167.0,0.0,2022_10
168.0,0.0,2022_10
169.0,0.0,2022_10
170.0,0.0,2022_10
171.0,0.0,2022_10
172.0,0.0,2022_10
173.0,0.0,2022_10
174.0,0.0,2022_10
175.0,0.0,2022_10
176.0,0.0,2022_10
177.0,0.0,2022_10
178.0,0.0,2022_10
179.0,0.0,2022_10
181.0,0.0,2022_10
184.0,0.0,2022_10
185.0,0.0,2022_10
186.0,0.0,2022_10
187.0,0.0,2022_10
188.0,0.0,2022_10
189.0,0.0,2022_10
190.0,0.0,2022_10
191.0,0.0,2022_10
192.0,0.0,2022_10
193.0,0.0,2022_10
194.0,0.0,2022_10
195.0,0.0,2022_10
196.0,0.0,2022_10
197.0,0.0,2022_10
198.0,0.0,2022_10
199.0,0.0,2022_10
200.0,0.0,2022_10
201.0,0.0,2022_10
202.0,0.0,2022_10
205.0,0.0,2022_10
206.0,0.0,2022_10
207.0,0.0,2022_10
208.0,0.0,2022_10
209.0,0.0,2022_10
210.0,0.0,2022_10
211.0,0.0,2022_10
212.0,0.0,2022_10
213.0,0.0,2022_10
214.0,0.0,2022_10
215.0,0.0,2022_10
216.0,0.0,2022_10
217.0,0.0,2022_10
219.0,0.0,2022_10
220.0,0.0,2022_10
221.0,0.0,2022_10
222.0,0.0,2022_10
223.0,0.0,2022_10
224.0,0.0,2022_10
225.0,0.0,2022_10
226.0,0.0,2022_10
227.0,0.0,2022_10
228.0,0.0,2022_10
230.0,0.0,2022_10
231.0,0.0,2022_10
233.0,0.0,2022_10
234.0,0.0,2022_10
238.0,0.0,2022_10
239.0,0.0,2022_10
241.0,0.0,2022_10
245.0,0.0,2022_10
246.0,0.0,2022_10
247.0,0.0,2022_10
248.0,0.0,2022_10
249.0,0.0,2022_10
250.0,0.0,2022_10
251.0,0.0,2022_10
252.0,0.0,2022_10
253.0,0.0,2022_10
254.0,0.0,2022_10
255.0,0.0,2022_10
256.0,0.0,2022_10
257.0,0.0,2022_10
259.0,0.0,2022_10
260.0,0.0,2022_10
261.0,0.0,2022_10
262.0,0.0,2022_10
264.0,0.0,2022_10
265.0,0.0,2022_10
266.0,0.0,2022_10
268.0,0.0,2022_10
269.0,0.0,2022_10
270.0,0.0,2022_10
271.0,0.0,2022_10
272.0,0.0,2022_10
273.0,0.0,2022_10
275.0,0.0,2022_10
276.0,0.0,2022_10
277.0,0.0,2022_10
278.0,0.0,2022_10
279.0,0.0,2022_10
280.0,0.0,2022_10
281.0,0.0,2022_10
101.0,0.0,2022_09
102.0,0.0,2022_09
103.0,0.0,2022_09
104.0,0.0,2022_09
105.0,0.0,2022_09
109.0,0.0,2022_09
110.0,0.0,2022_09
111.0,0.0,2022_09
112.0,0.0,2022_09
113.0,0.0,2022_09
114.0,0.0,2022_09
115.0,0.0,2022_09
116.0,0.0,2022_09
117.0,0.0,2022_09
118.0,0.0,2022_09
119.0,0.0,2022_09
120.0,0.0,2022_09
121.0,0.0,2022_09
122.0,0.0,2022_09
123.0,0.0,2022_09
124.0,0.0,2022_09
126.0,0.0,2022_09
127.0,0.0,2022_09
128.0,0.0,2022_09
129.0,0.0,2022_09
130.0,0.0,2022_09
131.0,0.0,2022_09
132.0,0.0,2022_09
133.0,0.0,2022_09
134.0,0.0,2022_09
135.0,0.0,2022_09
136.0,0.0,2022_09
137.0,0.0,2022_09
138.0,0.0,2022_09
139.0,0.0,2022_09
140.0,0.0,2022_09
141.0,0.0,2022_09
142.0,0.0,2022_09
143.0,0.0,2022_09
144.0,0.0,2022_09
145.0,0.0,2022_09
146.0,0.0,2022_09
147.0,0.0,2022_09
150.0,0.0,2022_09
151.0,0.0,2022_09
152.0,0.73,2022_09
153.0,0.0,2022_09
154.0,0.0,2022_09
155.0,0.0,2022_09
156.0,0.0,2022_09
157.0,0.0,2022_09
158.0,0.0,2022_09
159.0,0.0,2022_09
160.0,0.0,2022_09
161.0,0.0,2022_09
162.0,0.0,2022_09
163.0,0.0,2022_09
164.0,0.0,2022_09
165.0,0.0,2022_09
166.0,0.0,2022_09
167.0,0.0,2022_09
168.0,0.0,2022_09
169.0,0.0,2022_09
170.0,0.0,2022_09
171.0,0.0,2022_09
172.0,0.0,2022_09
173.0,0.0,2022_09
174.0,0.0,2022_09
175.0,1.25,2022_09
176.0,0.0,2022_09
177.0,0.0,2022_09
178.0,0.0,2022_09
179.0,0.0,2022_09
181.0,0.0,2022_09
184.0,0.0,2022_09
185.0,0.0,2022_09
186.0,0.0,2022_09
187.0,0.0,2022_09
188.0,0.0,2022_09
189.0,0.0,2022_09
190.0,0.0,2022_09
191.0,0.0,2022_09
192.0,0.0,2022_09
193.0,0.0,2022_09
194.0,0.0,2022_09
195.0,0.0,2022_09
196.0,0.0,2022_09
197.0,0.0,2022_09
198.0,0.0,2022_09
199.0,0.0,2022_09
200.0,0.0,2022_09
201.0,0.0,2022_09
202.0,0.0,2022_09
205.0,0.0,2022_09
206.0,0.0,2022_09
207.0,0.0,2022_09
208.0,0.0,2022_09
209.0,0.0,2022_09
210.0,0.0,2022_09
211.0,0.0,2022_09
212.0,0.0,2022_09
213.0,0.0,2022_09
214.0,0.0,2022_09
215.0,0.0,2022_09
216.0,0.0,2022_09
217.0,0.0,2022_09
219.0,0.0,2022_09
220.0,0.0,2022_09
221.0,0.0,2022_09
222.0,0.0,2022_09
223.0,0.0,2022_09
224.0,0.0,2022_09
225.0,0.0,2022_09
226.0,0.0,2022_09
227.0,0.0,2022_09
228.0,0.0,2022_09
230.0,0.0,2022_09
231.0,0.0,2022_09
233.0,0.0,2022_09
234.0,0.0,2022_09
238.0,0.0,2022_09
239.0,0.0,2022_09
241.0,0.0,2022_09
245.0,0.0,2022_09
246.0,0.0,2022_09
247.0,0.0,2022_09
248.0,0.0,2022_09
249.0,0.0,2022_09
250.0,0.0,2022_09
251.0,0.0,2022_09
252.0,0.0,2022_09
253.0,0.0,2022_09
254.0,0.0,2022_09
255.0,0.0,2022_09
256.0,0.0,2022_09
257.0,0.0,2022_09
259.0,0.0,2022_09
260.0,0.0,2022_09
261.0,0.0,2022_09
262.0,0.0,2022_09
264.0,0.0,2022_09
265.0,0.0,2022_09
266.0,0.0,2022_09
268.0,0.0,2022_09
269.0,0.0,2022_09
270.0,0.0,2022_09
271.0,0.0,2022_09
272.0,0.0,2022_09
273.0,0.0,2022_09
275.0,0.0,2022_09
276.0,0.0,2022_09
277.0,0.0,2022_09
278.0,0.0,2022_09
279.0,0.0,2022_09
280.0,0.0,2022_09
281.0,0.0,2022_09
101.0,0.0,2022_04
103.0,0.0,2022_04
104.0,0.0,2022_04
105.0,0.0,2022_04
109.0,0.0,2022_04
114.0,0.0,2022_04
141.0,0.0,2022_04
155.0,0.0,2022_04
160.0,3.47,2022_04
168.0,0.0,2022_04
181.0,0.0,2022_04
184.0,0.0,2022_04
185.0,0.0,2022_04
186.0,0.0,2022_04
187.0,0.0,2022_04
188.0,0.0,2022_04
191.0,0.0,2022_04
192.0,0.0,2022_04
193.0,0.0,2022_04
200.0,0.0,2022_04
233.0,0.0,2022_04
246.0,0.0,2022_04
248.0,0.0,2022_04
250.0,0.0,2022_04
252.0,0.0,2022_04
268.0,0.0,2022_04
278.0,0.0,2022_04
279.0,0.0,2022_04
101.0,2.37,2022_06
102.0,18.380000000000003,2022_06
103.0,34.24,2022_06
104.0,27.49,2022_06
105.0,7.319999999999999,2022_06
109.0,96.82,2022_06
110.0,1.4600000000000002,2022_06
111.0,1.07,2022_06
112.0,20.82,2022_06
113.0,87.74,2022_06
114.0,15.58,2022_06
115.0,31.47,2022_06
116.0,67.79,2022_06
117.0,2.08,2022_06
118.0,0.0,2022_06
119.0,0.0,2022_06
120.0,258.88,2022_06
121.0,674.0,2022_06
122.0,920.06,2022_06
123.0,501.18,2022_06
124.0,438.7,2022_06
126.0,35.36,2022_06
127.0,0.0,2022_06
128.0,272.38,2022_06
129.0,16.42,2022_06
130.0,4.31,2022_06
131.0,5.26,2022_06
132.0,0.0,2022_06
133.0,0.0,2022_06
134.0,216.17,2022_06
135.0,361.39,2022_06
136.0,673.55,2022_06
137.0,31.13,2022_06
138.0,27.4,2022_06
139.0,4.16,2022_06
140.0,0.0,2022_06
141.0,26.0,2022_06
142.0,17.119999999999997,2022_06
143.0,64.55,2022_06
144.0,0.86,2022_06
145.0,70.86,2022_06
146.0,2.08,2022_06
147.0,17.69,2022_06
150.0,14.46,2022_06
151.0,40.68,2022_06
152.0,53.32,2022_06
153.0,37.91,2022_06
154.0,6.0,2022_06
155.0,25.38,2022_06
156.0,12.42,2022_06
157.0,0.0,2022_06
158.0,0.0,2022_06
159.0,0.38,2022_06
160.0,9.48,2022_06
161.0,1.54,2022_06
162.0,0.28,2022_06
163.0,0.0,2022_06
164.0,0.0,2022_06
165.0,0.0,2022_06
166.0,5.66,2022_06
167.0,0.0,2022_06
168.0,0.0,2022_06
169.0,0.0,2022_06
170.0,0.0,2022_06
171.0,0.0,2022_06
172.0,19.28,2022_06
173.0,0.0,2022_06
174.0,0.0,2022_06
175.0,0.0,2022_06
176.0,0.0,2022_06
177.0,0.0,2022_06
178.0,0.0,2022_06
179.0,0.0,2022_06
181.0,14.12,2022_06
184.0,134.61,2022_06
185.0,565.99,2022_06
186.0,0.0,2022_06
187.0,196.87,2022_06
188.0,2422.43,2022_06
189.0,230.55,2022_06
190.0,78.47,2022_06
191.0,158.73,2022_06
192.0,19.4,2022_06
193.0,102.09,2022_06
194.0,155.81,2022_06
195.0,26.83,2022_06
196.0,11.37,2022_06
197.0,2.73,2022_06
198.0,0.56,2022_06
199.0,79.52,2022_06
200.0,115.44,2022_06
201.0,0.99,2022_06
202.0,94.24,2022_06
205.0,6.91,2022_06
206.0,4.31,2022_06
207.0,27.14,2022_06
208.0,185.98,2022_06
209.0,88.69999999999999,2022_06
210.0,296.47,2022_06
211.0,312.3,2022_06
212.0,0.0,2022_06
213.0,0.0,2022_06
214.0,0.0,2022_06
215.0,0.0,2022_06
216.0,0.0,2022_06
217.0,67.97,2022_06
219.0,4.76,2022_06
220.0,0.0,2022_06
221.0,0.0,2022_06
222.0,58.96,2022_06
223.0,58.56,2022_06
224.0,279.78000000000003,2022_06
225.0,57.98,2022_06
226.0,119.61,2022_06
227.0,62.08,2022_06
228.0,34.09,2022_06
230.0,10.98,2022_06
231.0,28.99,2022_06
233.0,81.51,2022_06
234.0,10.38,2022_06
238.0,186.2,2022_06
239.0,233.78000000000003,2022_06
241.0,3.19,2022_06
245.0,176.36,2022_06
246.0,35.92,2022_06
247.0,17.91,2022_06
248.0,0.0,2022_06
249.0,0.49,2022_06
250.0,0.4499999999999999,2022_06
251.0,0.0,2022_06
252.0,30.39,2022_06
253.0,19.5,2022_06
254.0,6.0,2022_06
255.0,42.7,2022_06
256.0,364.12,2022_06
257.0,4.56,2022_06
259.0,113.65,2022_06
260.0,10.98,2022_06
261.0,56.63,2022_06
262.0,5.340000000000001,2022_06
264.0,11.95,2022_06
265.0,261.41,2022_06
266.0,189.57,2022_06
268.0,30.88,2022_06
269.0,236.12,2022_06
270.0,262.84000000000003,2022_06
271.0,7.46,2022_06
272.0,2.27,2022_06
273.0,0.0,2022_06
275.0,0.0,2022_06
276.0,0.0,2022_06
277.0,0.0,2022_06
278.0,0.0,2022_06
279.0,0.0,2022_06
280.0,0.0,2022_06
281.0,15.66,2022_06
101.0,0.0,2021_06
102.0,0.0,2021_06
103.0,0.0,2021_06
104.0,0.0,2021_06
105.0,0.0,2021_06
109.0,0.0,2021_06
110.0,0.0,2021_06
111.0,0.0,2021_06
112.0,0.0,2021_06
113.0,0.0,2021_06
114.0,0.0,2021_06
115.0,0.0,2021_06
116.0,0.0,2021_06
117.0,0.0,2021_06
118.0,0.0,2021_06
119.0,0.0,2021_06
120.0,0.0,2021_06
121.0,0.0,2021_06
122.0,0.0,2021_06
123.0,0.0,2021_06
124.0,0.0,2021_06
126.0,0.0,2021_06
127.0,0.0,2021_06
128.0,0.0,2021_06
129.0,0.0,2021_06
130.0,0.0,2021_06
131.0,0.0,2021_06
132.0,0.0,2021_06
133.0,0.0,2021_06
134.0,0.0,2021_06
135.0,0.0,2021_06
136.0,0.0,2021_06
137.0,0.0,2021_06
138.0,0.0,2021_06
139.0,0.0,2021_06
140.0,0.0,2021_06
141.0,0.0,2021_06
142.0,26.040000000000003,2021_06
143.0,2.99,2021_06
144.0,0.0,2021_06
145.0,2.02,2021_06
146.0,0.0,2021_06
147.0,0.0,2021_06
150.0,0.0,2021_06
151.0,0.0,2021_06
152.0,0.0,2021_06
153.0,0.0,2021_06
154.0,0.0,2021_06
155.0,0.0,2021_06
156.0,0.76,2021_06
157.0,0.0,2021_06
158.0,0.0,2021_06
159.0,0.0,2021_06
160.0,0.34,2021_06
161.0,0.0,2021_06
162.0,0.0,2021_06
163.0,0.0,2021_06
164.0,0.0,2021_06
165.0,0.0,2021_06
166.0,0.0,2021_06
167.0,0.0,2021_06
168.0,0.0,2021_06
169.0,0.0,2021_06
170.0,0.0,2021_06
171.0,0.0,2021_06
172.0,0.0,2021_06
173.0,0.0,2021_06
174.0,0.0,2021_06
175.0,0.0,2021_06
176.0,0.0,2021_06
177.0,0.0,2021_06
178.0,0.0,2021_06
179.0,0.0,2021_06
181.0,0.0,2021_06
184.0,0.0,2021_06
185.0,0.0,2021_06
186.0,0.0,2021_06
187.0,0.0,2021_06
188.0,0.0,2021_06
189.0,0.0,2021_06
190.0,0.0,2021_06
191.0,0.0,2021_06
192.0,0.0,2021_06
193.0,0.0,2021_06
194.0,0.0,2021_06
195.0,0.0,2021_06
196.0,0.0,2021_06
197.0,0.0,2021_06
198.0,0.0,2021_06
199.0,0.0,2021_06
200.0,0.0,2021_06
201.0,0.0,2021_06
202.0,0.0,2021_06
205.0,0.0,2021_06
206.0,0.0,2021_06
207.0,0.0,2021_06
208.0,0.0,2021_06
209.0,0.0,2021_06
210.0,0.0,2021_06
211.0,0.0,2021_06
212.0,0.0,2021_06
213.0,0.0,2021_06
214.0,0.0,2021_06
215.0,0.0,2021_06
216.0,0.0,2021_06
217.0,0.0,2021_06
219.0,0.0,2021_06
220.0,0.0,2021_06
221.0,0.0,2021_06
222.0,0.0,2021_06
223.0,0.0,2021_06
224.0,0.0,2021_06
225.0,0.0,2021_06
226.0,0.0,2021_06
227.0,0.0,2021_06
228.0,0.0,2021_06
230.0,0.0,2021_06
231.0,0.0,2021_06
233.0,0.0,2021_06
234.0,0.0,2021_06
238.0,0.0,2021_06
239.0,0.0,2021_06
241.0,0.0,2021_06
245.0,0.0,2021_06
246.0,0.0,2021_06
247.0,0.0,2021_06
248.0,0.43,2021_06
249.0,0.92,2021_06
250.0,0.0,2021_06
251.0,0.0,2021_06
252.0,0.0,2021_06
253.0,0.0,2021_06
254.0,0.0,2021_06
255.0,0.0,2021_06
256.0,0.0,2021_06
257.0,0.0,2021_06
259.0,0.0,2021_06
260.0,0.0,2021_06
261.0,0.0,2021_06
262.0,0.0,2021_06
264.0,0.0,2021_06
265.0,0.0,2021_06
266.0,0.0,2021_06
268.0,0.0,2021_06
269.0,0.0,2021_06
270.0,0.0,2021_06
271.0,0.0,2021_06
272.0,0.0,2021_06
273.0,0.0,2021_06
275.0,0.0,2021_06
276.0,0.0,2021_06
277.0,0.0,2021_06
278.0,0.01,2021_06
279.0,17.099999999999998,2021_06
280.0,0.0,2021_06
281.0,0.0,2021_06
101.0,0.0,2021_10
102.0,0.0,2021_10
103.0,0.0,2021_10
104.0,0.0,2021_10
105.0,0.0,2021_10
109.0,0.0,2021_10
110.0,0.0,2021_10
111.0,0.0,2021_10
112.0,0.0,2021_10
113.0,0.0,2021_10
114.0,0.0,2021_10
115.0,0.0,2021_10
116.0,0.0,2021_10
117.0,0.0,2021_10
118.0,0.0,2021_10
119.0,0.0,2021_10
120.0,0.0,2021_10
121.0,0.0,2021_10
122.0,0.0,2021_10
123.0,0.0,2021_10
124.0,0.0,2021_10
126.0,0.0,2021_10
127.0,0.0,2021_10
128.0,0.0,2021_10
129.0,0.0,2021_10
130.0,0.0,2021_10
131.0,0.0,2021_10
132.0,0.0,2021_10
133.0,0.0,2021_10
134.0,0.0,2021_10
135.0,0.0,2021_10
136.0,0.0,2021_10
137.0,0.0,2021_10
138.0,0.0,2021_10
139.0,0.0,2021_10
140.0,0.0,2021_10
141.0,0.0,2021_10
142.0,0.0,2021_10
143.0,0.0,2021_10
144.0,0.0,2021_10
145.0,0.0,2021_10
146.0,0.0,2021_10
147.0,0.0,2021_10
150.0,0.0,2021_10
151.0,0.0,2021_10
152.0,0.0,2021_10
153.0,0.0,2021_10
154.0,0.0,2021_10
155.0,0.0,2021_10
156.0,0.0,2021_10
157.0,0.0,2021_10
158.0,0.0,2021_10
159.0,0.0,2021_10
160.0,0.0,2021_10
161.0,0.0,2021_10
162.0,0.0,2021_10
163.0,0.0,2021_10
164.0,0.0,2021_10
165.0,0.0,2021_10
166.0,0.0,2021_10
167.0,0.0,2021_10
168.0,0.0,2021_10
169.0,0.0,2021_10
170.0,0.0,2021_10
171.0,0.0,2021_10
172.0,0.0,2021_10
173.0,0.0,2021_10
174.0,0.0,2021_10
175.0,0.0,2021_10
176.0,0.0,2021_10
177.0,0.0,2021_10
178.0,0.0,2021_10
179.0,0.0,2021_10
181.0,0.0,2021_10
184.0,0.0,2021_10
185.0,0.0,2021_10
186.0,0.0,2021_10
187.0,0.0,2021_10
188.0,0.0,2021_10
189.0,0.0,2021_10
190.0,0.0,2021_10
191.0,0.0,2021_10
192.0,0.0,2021_10
193.0,0.0,2021_10
194.0,0.0,2021_10
195.0,0.0,2021_10
196.0,0.0,2021_10
197.0,0.0,2021_10
198.0,0.0,2021_10
199.0,0.0,2021_10
200.0,0.0,2021_10
201.0,0.0,2021_10
202.0,0.0,2021_10
205.0,0.0,2021_10
206.0,0.0,2021_10
207.0,0.0,2021_10
208.0,0.0,2021_10
209.0,0.0,2021_10
210.0,0.0,2021_10
211.0,0.0,2021_10
212.0,0.0,2021_10
213.0,0.0,2021_10
214.0,0.0,2021_10
215.0,0.0,2021_10
216.0,0.0,2021_10
217.0,0.0,2021_10
219.0,0.0,2021_10
220.0,0.0,2021_10
221.0,0.0,2021_10
222.0,0.0,2021_10
223.0,0.0,2021_10
224.0,0.0,2021_10
225.0,0.0,2021_10
226.0,0.0,2021_10
227.0,0.0,2021_10
228.0,0.0,2021_10
230.0,0.0,2021_10
231.0,0.0,2021_10
233.0,0.0,2021_10
234.0,0.0,2021_10
238.0,0.0,2021_10
239.0,0.0,2021_10
241.0,0.0,2021_10
245.0,0.0,2021_10
246.0,0.0,2021_10
247.0,0.0,2021_10
248.0,0.0,2021_10
249.0,0.0,2021_10
250.0,0.0,2021_10
251.0,0.0,2021_10
252.0,0.0,2021_10
253.0,0.0,2021_10
254.0,0.0,2021_10
255.0,0.0,2021_10
256.0,0.0,2021_10
257.0,0.0,2021_10
259.0,0.0,2021_10
260.0,0.0,2021_10
261.0,0.0,2021_10
262.0,0.0,2021_10
264.0,0.0,2021_10
265.0,0.0,2021_10
266.0,0.0,2021_10
268.0,0.0,2021_10
269.0,0.0,2021_10
270.0,0.0,2021_10
271.0,0.0,2021_10
272.0,0.0,2021_10
273.0,0.0,2021_10
275.0,0.0,2021_10
276.0,0.0,2021_10
277.0,0.0,2021_10
278.0,0.0,2021_10
279.0,0.0,2021_10
280.0,0.0,2021_10
281.0,0.0,2021_10
188.0,0.0,2022_12
101.0,0.0,2021_05
102.0,0.0,2021_05
103.0,0.0,2021_05
104.0,0.0,2021_05
105.0,0.0,2021_05
109.0,0.0,2021_05
110.0,0.0,2021_05
111.0,0.0,2021_05
112.0,0.0,2021_05
113.0,0.0,2021_05
114.0,0.0,2021_05
115.0,0.0,2021_05
116.0,0.0,2021_05
117.0,0.0,2021_05
118.0,0.0,2021_05
119.0,0.0,2021_05
120.0,0.0,2021_05
121.0,0.0,2021_05
122.0,0.0,2021_05
123.0,0.0,2021_05
124.0,0.0,2021_05
126.0,0.0,2021_05
127.0,0.0,2021_05
128.0,0.0,2021_05
129.0,0.0,2021_05
130.0,0.0,2021_05
131.0,0.0,2021_05
132.0,0.0,2021_05
133.0,0.0,2021_05
134.0,0.0,2021_05
135.0,0.0,2021_05
136.0,0.0,2021_05
137.0,0.0,2021_05
138.0,0.0,2021_05
139.0,0.0,2021_05
140.0,0.0,2021_05
141.0,0.0,2021_05
142.0,0.0,2021_05
143.0,0.0,2021_05
144.0,0.0,2021_05
145.0,0.0,2021_05
146.0,0.0,2021_05
147.0,0.0,2021_05
150.0,0.0,2021_05
151.0,0.0,2021_05
152.0,0.0,2021_05
153.0,0.0,2021_05
154.0,0.0,2021_05
155.0,0.0,2021_05
156.0,0.0,2021_05
157.0,0.0,2021_05
158.0,0.0,2021_05
159.0,0.0,2021_05
160.0,0.0,2021_05
161.0,0.0,2021_05
162.0,0.0,2021_05
163.0,0.0,2021_05
164.0,0.0,2021_05
165.0,0.0,2021_05
166.0,0.0,2021_05
167.0,0.0,2021_05
168.0,0.0,2021_05
169.0,0.0,2021_05
170.0,0.0,2021_05
171.0,0.0,2021_05
172.0,0.0,2021_05
173.0,0.0,2021_05
174.0,0.0,2021_05
175.0,0.0,2021_05
176.0,0.0,2021_05
177.0,0.0,2021_05
178.0,0.0,2021_05
179.0,0.0,2021_05
181.0,0.0,2021_05
184.0,0.0,2021_05
185.0,0.0,2021_05
186.0,0.0,2021_05
187.0,0.0,2021_05
188.0,0.0,2021_05
189.0,0.0,2021_05
190.0,0.0,2021_05
191.0,0.0,2021_05
192.0,0.0,2021_05
193.0,0.0,2021_05
194.0,0.0,2021_05
195.0,0.0,2021_05
196.0,0.0,2021_05
197.0,0.0,2021_05
198.0,0.0,2021_05
199.0,0.0,2021_05
200.0,0.0,2021_05
201.0,0.0,2021_05
202.0,0.0,2021_05
205.0,0.0,2021_05
206.0,0.0,2021_05
207.0,0.0,2021_05
208.0,0.0,2021_05
209.0,0.0,2021_05
210.0,0.0,2021_05
211.0,0.0,2021_05
212.0,0.0,2021_05
213.0,0.0,2021_05
214.0,0.0,2021_05
215.0,0.0,2021_05
216.0,0.0,2021_05
217.0,0.0,2021_05
219.0,0.0,2021_05
220.0,0.0,2021_05
221.0,0.0,2021_05
222.0,0.0,2021_05
223.0,0.0,2021_05
224.0,0.0,2021_05
225.0,0.0,2021_05
226.0,0.0,2021_05
227.0,0.0,2021_05
228.0,0.0,2021_05
230.0,0.0,2021_05
231.0,0.0,2021_05
233.0,0.0,2021_05
234.0,0.0,2021_05
238.0,0.0,2021_05
239.0,0.0,2021_05
241.0,0.0,2021_05
245.0,0.0,2021_05
246.0,0.0,2021_05
247.0,0.0,2021_05
248.0,0.0,2021_05
249.0,0.0,2021_05
250.0,0.0,2021_05
251.0,0.0,2021_05
252.0,0.0,2021_05
253.0,0.0,2021_05
254.0,0.0,2021_05
255.0,0.0,2021_05
256.0,0.0,2021_05
257.0,0.0,2021_05
259.0,0.0,2021_05
260.0,0.0,2021_05
261.0,0.0,2021_05
262.0,0.0,2021_05
264.0,0.0,2021_05
265.0,0.0,2021_05
266.0,0.0,2021_05
268.0,0.0,2021_05
269.0,0.0,2021_05
270.0,0.0,2021_05
271.0,0.0,2021_05
272.0,0.0,2021_05
273.0,0.0,2021_05
275.0,0.0,2021_05
276.0,0.0,2021_05
277.0,0.0,2021_05
278.0,0.0,2021_05
279.0,0.0,2021_05
280.0,0.0,2021_05
281.0,0.0,2021_05
101.0,0.0,2021_08
102.0,0.0,2021_08
103.0,0.0,2021_08
104.0,0.0,2021_08
105.0,0.0,2021_08
109.0,0.0,2021_08
110.0,0.0,2021_08
111.0,0.0,2021_08
112.0,0.0,2021_08
113.0,0.0,2021_08
114.0,0.0,2021_08
115.0,0.0,2021_08
116.0,0.0,2021_08
117.0,0.0,2021_08
118.0,0.0,2021_08
119.0,0.0,2021_08
120.0,0.0,2021_08
121.0,0.0,2021_08
122.0,0.0,2021_08
123.0,0.0,2021_08
124.0,0.0,2021_08
126.0,0.0,2021_08
127.0,0.0,2021_08
128.0,0.0,2021_08
129.0,0.0,2021_08
130.0,5.22,2021_08
131.0,4.54,2021_08
132.0,0.0,2021_08
133.0,0.32,2021_08
134.0,0.0,2021_08
135.0,0.0,2021_08
136.0,0.0,2021_08
137.0,1.25,2021_08
138.0,0.0,2021_08
139.0,1.22,2021_08
140.0,0.0,2021_08
141.0,0.0,2021_08
142.0,14.51,2021_08
143.0,0.0,2021_08
144.0,0.0,2021_08
145.0,85.88,2021_08
146.0,0.55,2021_08
147.0,0.0,2021_08
150.0,33.24,2021_08
151.0,10.76,2021_08
152.0,33.099999999999994,2021_08
153.0,6.83,2021_08
154.0,4.95,2021_08
155.0,0.0,2021_08
156.0,9.03,2021_08
157.0,0.0,2021_08
158.0,0.0,2021_08
159.0,0.0,2021_08
160.0,19.77,2021_08
161.0,0.0,2021_08
162.0,0.0,2021_08
163.0,0.0,2021_08
164.0,0.0,2021_08
165.0,2.1,2021_08
166.0,10.2,2021_08
167.0,0.0,2021_08
168.0,0.0,2021_08
169.0,6.33,2021_08
170.0,0.0,2021_08
171.0,0.0,2021_08
172.0,0.0,2021_08
173.0,0.0,2021_08
174.0,0.0,2021_08
175.0,0.0,2021_08
176.0,0.0,2021_08
177.0,0.0,2021_08
178.0,0.0,2021_08
179.0,0.0,2021_08
181.0,0.0,2021_08
184.0,0.0,2021_08
185.0,0.0,2021_08
186.0,0.0,2021_08
187.0,0.0,2021_08
188.0,0.0,2021_08
189.0,0.0,2021_08
190.0,0.0,2021_08
191.0,0.0,2021_08
192.0,0.0,2021_08
193.0,0.0,2021_08
194.0,0.0,2021_08
195.0,0.0,2021_08
196.0,0.0,2021_08
197.0,0.0,2021_08
198.0,0.0,2021_08
199.0,0.0,2021_08
200.0,38.24,2021_08
201.0,0.0,2021_08
202.0,15.7,2021_08
205.0,10.12,2021_08
206.0,4.91,2021_08
207.0,19.8,2021_08
208.0,0.0,2021_08
209.0,0.0,2021_08
210.0,0.0,2021_08
211.0,0.0,2021_08
212.0,0.0,2021_08
213.0,0.0,2021_08
214.0,0.0,2021_08
215.0,0.0,2021_08
216.0,0.0,2021_08
217.0,0.0,2021_08
219.0,0.0,2021_08
220.0,0.0,2021_08
221.0,0.0,2021_08
222.0,0.0,2021_08
223.0,0.0,2021_08
224.0,0.0,2021_08
225.0,0.0,2021_08
226.0,0.0,2021_08
227.0,0.0,2021_08
228.0,0.0,2021_08
230.0,0.0,2021_08
231.0,0.0,2021_08
233.0,0.3,2021_08
234.0,0.0,2021_08
238.0,0.0,2021_08
239.0,0.0,2021_08
241.0,0.0,2021_08
245.0,0.0,2021_08
246.0,0.0,2021_08
247.0,0.0,2021_08
248.0,0.0,2021_08
249.0,0.0,2021_08
250.0,0.02,2021_08
251.0,0.0,2021_08
252.0,0.0,2021_08
253.0,0.0,2021_08
254.0,0.0,2021_08
255.0,0.0,2021_08
256.0,0.0,2021_08
257.0,0.0,2021_08
259.0,0.0,2021_08
260.0,0.0,2021_08
261.0,0.0,2021_08
262.0,0.0,2021_08
264.0,0.0,2021_08
265.0,0.0,2021_08
266.0,0.0,2021_08
268.0,0.0,2021_08
269.0,0.0,2021_08
270.0,0.0,2021_08
271.0,0.0,2021_08
272.0,0.0,2021_08
273.0,0.0,2021_08
275.0,0.0,2021_08
276.0,98.27,2021_08
277.0,4.69,2021_08
278.0,0.0,2021_08
279.0,0.0,2021_08
280.0,12.27,2021_08
281.0,40.870000000000005,2021_08
101.0,0.17,2023_06
102.0,0.0,2023_06
103.0,0.03,2023_06
104.0,3.51,2023_06
105.0,0.0,2023_06
109.0,0.02,2023_06
110.0,0.17,2023_06
111.0,0.0,2023_06
112.0,0.0,2023_06
113.0,0.77,2023_06
114.0,0.0,2023_06
115.0,0.12,2023_06
116.0,0.0,2023_06
117.0,0.0,2023_06
118.0,0.0,2023_06
119.0,0.0,2023_06
120.0,0.0,2023_06
121.0,0.26,2023_06
122.0,13.39,2023_06
123.0,73.8,2023_06
124.0,114.16,2023_06
126.0,0.0,2023_06
127.0,0.0,2023_06
128.0,0.0,2023_06
129.0,0.0,2023_06
130.0,0.0,2023_06
131.0,0.0,2023_06
132.0,0.0,2023_06
133.0,0.0,2023_06
134.0,0.0,2023_06
135.0,0.0,2023_06
136.0,0.0,2023_06
137.0,0.1,2023_06
138.0,1.19,2023_06
139.0,0.0,2023_06
140.0,0.0,2023_06
141.0,0.16,2023_06
142.0,0.44,2023_06
143.0,95.98,2023_06
144.0,0.0,2023_06
145.0,0.95,2023_06
146.0,0.0,2023_06
147.0,0.0,2023_06
150.0,0.17,2023_06
151.0,0.0,2023_06
152.0,0.0,2023_06
153.0,0.0,2023_06
154.0,0.0,2023_06
155.0,0.0,2023_06
156.0,2.39,2023_06
157.0,0.0,2023_06
158.0,0.19,2023_06
159.0,0.0,2023_06
160.0,3.47,2023_06
161.0,0.0,2023_06
162.0,0.0,2023_06
163.0,0.0,2023_06
164.0,0.0,2023_06
165.0,0.0,2023_06
166.0,0.0,2023_06
167.0,0.0,2023_06
168.0,0.0,2023_06
169.0,0.0,2023_06
170.0,0.0,2023_06
171.0,0.0,2023_06
172.0,0.0,2023_06
173.0,0.0,2023_06
174.0,0.0,2023_06
175.0,0.0,2023_06
176.0,0.0,2023_06
177.0,0.0,2023_06
178.0,0.0,2023_06
179.0,0.0,2023_06
181.0,0.0,2023_06
184.0,0.0,2023_06
185.0,0.0,2023_06
186.0,0.0,2023_06
187.0,0.0,2023_06
188.0,0.0,2023_06
189.0,0.0,2023_06
190.0,0.0,2023_06
191.0,0.0,2023_06
192.0,0.0,2023_06
193.0,0.0,2023_06
194.0,0.0,2023_06
195.0,0.0,2023_06
196.0,0.0,2023_06
197.0,0.0,2023_06
198.0,0.0,2023_06
199.0,0.0,2023_06
200.0,0.0,2023_06
201.0,0.0,2023_06
202.0,0.0,2023_06
205.0,0.0,2023_06
206.0,0.58,2023_06
207.0,0.16,2023_06
208.0,0.25,2023_06
209.0,0.0,2023_06
210.0,0.0,2023_06
211.0,0.0,2023_06
212.0,0.0,2023_06
213.0,0.0,2023_06
214.0,0.0,2023_06
215.0,0.0,2023_06
216.0,0.0,2023_06
217.0,0.01,2023_06
219.0,0.0,2023_06
220.0,0.0,2023_06
221.0,0.0,2023_06
222.0,8.030000000000001,2023_06
223.0,2.59,2023_06
224.0,0.0,2023_06
225.0,6.33,2023_06
226.0,1.71,2023_06
227.0,0.22,2023_06
228.0,2.45,2023_06
230.0,11.83,2023_06
231.0,0.0,2023_06
233.0,5.02,2023_06
234.0,3.1499999999999995,2023_06
238.0,0.13,2023_06
239.0,0.0,2023_06
241.0,0.0,2023_06
243.0,0.0,2023_06
245.0,0.19,2023_06
246.0,0.0,2023_06
247.0,0.05,2023_06
248.0,0.0,2023_06
249.0,0.0,2023_06
250.0,0.21,2023_06
251.0,0.0,2023_06
252.0,0.0,2023_06
253.0,0.0,2023_06
254.0,0.0,2023_06
255.0,0.0,2023_06
256.0,0.0,2023_06
257.0,0.0,2023_06
259.0,17.12,2023_06
260.0,11.83,2023_06
261.0,34.66,2023_06
262.0,1.95,2023_06
264.0,0.0,2023_06
265.0,4.78,2023_06
266.0,1.06,2023_06
268.0,0.59,2023_06
269.0,4.529999999999999,2023_06
270.0,0.0,2023_06
271.0,0.0,2023_06
272.0,0.0,2023_06
273.0,0.0,2023_06
275.0,0.0,2023_06
276.0,0.0,2023_06
277.0,0.0,2023_06
278.0,0.0,2023_06
279.0,0.0,2023_06
280.0,0.0,2023_06
281.0,0.0,2023_06
101.0,0.0,2023_05
102.0,0.0,2023_05
103.0,0.0,2023_05
104.0,0.0,2023_05
105.0,0.0,2023_05
109.0,0.0,2023_05
110.0,0.0,2023_05
111.0,0.0,2023_05
112.0,0.0,2023_05
113.0,0.0,2023_05
114.0,0.0,2023_05
115.0,0.0,2023_05
116.0,0.0,2023_05
117.0,0.0,2023_05
118.0,0.0,2023_05
119.0,0.0,2023_05
120.0,0.0,2023_05
121.0,0.0,2023_05
122.0,0.0,2023_05
123.0,0.0,2023_05
124.0,0.0,2023_05
126.0,0.0,2023_05
127.0,0.0,2023_05
128.0,0.0,2023_05
129.0,0.0,2023_05
130.0,0.0,2023_05
131.0,0.0,2023_05
132.0,0.0,2023_05
133.0,0.0,2023_05
134.0,0.0,2023_05
135.0,0.0,2023_05
136.0,0.0,2023_05
137.0,0.0,2023_05
138.0,0.0,2023_05
139.0,0.0,2023_05
140.0,0.0,2023_05
141.0,0.0,2023_05
142.0,0.0,2023_05
143.0,0.0,2023_05
144.0,0.0,2023_05
145.0,0.0,2023_05
146.0,0.0,2023_05
147.0,0.0,2023_05
150.0,0.0,2023_05
151.0,0.0,2023_05
152.0,0.0,2023_05
153.0,0.0,2023_05
154.0,0.0,2023_05
155.0,0.0,2023_05
156.0,0.0,2023_05
157.0,0.0,2023_05
158.0,0.0,2023_05
159.0,0.0,2023_05
160.0,0.0,2023_05
161.0,0.0,2023_05
162.0,0.0,2023_05
163.0,0.0,2023_05
164.0,0.0,2023_05
165.0,0.0,2023_05
166.0,0.0,2023_05
167.0,0.0,2023_05
168.0,0.0,2023_05
169.0,0.0,2023_05
170.0,0.0,2023_05
171.0,0.0,2023_05
172.0,0.0,2023_05
173.0,0.0,2023_05
174.0,0.0,2023_05
175.0,0.0,2023_05
176.0,0.0,2023_05
177.0,0.0,2023_05
178.0,0.0,2023_05
179.0,0.0,2023_05
181.0,0.0,2023_05
184.0,0.0,2023_05
185.0,0.0,2023_05
186.0,0.0,2023_05
187.0,0.0,2023_05
188.0,0.0,2023_05
189.0,0.0,2023_05
190.0,0.0,2023_05
191.0,0.0,2023_05
192.0,0.0,2023_05
193.0,0.0,2023_05
194.0,0.0,2023_05
195.0,0.0,2023_05
196.0,0.0,2023_05
197.0,0.0,2023_05
198.0,0.0,2023_05
199.0,0.0,2023_05
200.0,0.0,2023_05
201.0,0.0,2023_05
202.0,0.0,2023_05
205.0,0.0,2023_05
206.0,0.0,2023_05
207.0,0.0,2023_05
208.0,0.0,2023_05
209.0,0.0,2023_05
210.0,0.0,2023_05
211.0,0.0,2023_05
212.0,0.0,2023_05
213.0,0.0,2023_05
214.0,0.0,2023_05
215.0,0.0,2023_05
216.0,0.0,2023_05
217.0,0.0,2023_05
219.0,0.0,2023_05
220.0,0.0,2023_05
221.0,0.0,2023_05
222.0,0.0,2023_05
223.0,0.0,2023_05
224.0,0.0,2023_05
225.0,0.0,2023_05
226.0,0.0,2023_05
227.0,0.0,2023_05
228.0,0.0,2023_05
230.0,0.0,2023_05
231.0,0.0,2023_05
233.0,0.0,2023_05
234.0,0.0,2023_05
238.0,0.0,2023_05
239.0,0.0,2023_05
241.0,0.0,2023_05
245.0,0.0,2023_05
246.0,0.0,2023_05
247.0,0.0,2023_05
248.0,0.0,2023_05
249.0,0.0,2023_05
250.0,0.0,2023_05
251.0,0.0,2023_05
252.0,0.0,2023_05
253.0,0.0,2023_05
254.0,0.0,2023_05
255.0,0.0,2023_05
256.0,0.0,2023_05
257.0,0.0,2023_05
259.0,0.0,2023_05
260.0,0.0,2023_05
261.0,0.0,2023_05
262.0,0.0,2023_05
264.0,0.0,2023_05
265.0,0.0,2023_05
266.0,0.0,2023_05
268.0,0.0,2023_05
269.0,0.0,2023_05
270.0,0.0,2023_05
271.0,0.0,2023_05
272.0,0.0,2023_05
273.0,0.0,2023_05
275.0,0.0,2023_05
276.0,0.0,2023_05
277.0,0.0,2023_05
278.0,0.0,2023_05
279.0,0.0,2023_05
280.0,0.0,2023_05
281.0,0.0,2023_05
101.0,0.0,2022_08
102.0,0.0,2022_08
103.0,0.0,2022_08
104.0,0.0,2022_08
105.0,0.0,2022_08
109.0,0.0,2022_08
110.0,0.0,2022_08
111.0,0.0,2022_08
112.0,0.0,2022_08
113.0,0.0,2022_08
114.0,0.0,2022_08
115.0,0.0,2022_08
116.0,0.0,2022_08
117.0,0.0,2022_08
118.0,0.0,2022_08
119.0,0.0,2022_08
120.0,0.0,2022_08
121.0,0.0,2022_08
122.0,0.0,2022_08
123.0,0.0,2022_08
124.0,0.0,2022_08
126.0,0.0,2022_08
127.0,0.0,2022_08
128.0,0.0,2022_08
129.0,0.0,2022_08
130.0,0.0,2022_08
131.0,0.0,2022_08
132.0,0.0,2022_08
133.0,0.0,2022_08
134.0,0.0,2022_08
135.0,0.0,2022_08
136.0,0.0,2022_08
137.0,0.0,2022_08
138.0,0.0,2022_08
139.0,0.0,2022_08
140.0,0.0,2022_08
141.0,0.0,2022_08
142.0,0.0,2022_08
143.0,0.0,2022_08
144.0,0.0,2022_08
145.0,0.0,2022_08
146.0,0.0,2022_08
147.0,0.43,2022_08
150.0,2.63,2022_08
151.0,0.0,2022_08
152.0,0.0,2022_08
153.0,18.13,2022_08
154.0,0.0,2022_08
155.0,0.0,2022_08
156.0,0.0,2022_08
157.0,0.0,2022_08
158.0,0.0,2022_08
159.0,0.0,2022_08
160.0,0.0,2022_08
161.0,0.0,2022_08
162.0,0.0,2022_08
163.0,0.0,2022_08
164.0,0.0,2022_08
165.0,0.0,2022_08
166.0,0.0,2022_08
167.0,0.0,2022_08
168.0,0.0,2022_08
169.0,0.0,2022_08
170.0,0.0,2022_08
171.0,0.0,2022_08
172.0,0.0,2022_08
173.0,0.0,2022_08
174.0,0.0,2022_08
175.0,0.0,2022_08
176.0,0.0,2022_08
177.0,0.0,2022_08
178.0,0.0,2022_08
179.0,0.0,2022_08
181.0,0.0,2022_08
184.0,0.0,2022_08
185.0,0.0,2022_08
186.0,0.0,2022_08
187.0,0.0,2022_08
188.0,0.0,2022_08
189.0,0.0,2022_08
190.0,0.0,2022_08
191.0,0.0,2022_08
192.0,0.0,2022_08
193.0,0.0,2022_08
194.0,0.0,2022_08
195.0,0.0,2022_08
196.0,0.0,2022_08
197.0,0.0,2022_08
198.0,0.0,2022_08
199.0,0.0,2022_08
200.0,0.0,2022_08
201.0,0.0,2022_08
202.0,0.0,2022_08
205.0,2.6900000000000004,2022_08
206.0,0.51,2022_08
207.0,0.63,2022_08
208.0,0.0,2022_08
209.0,0.0,2022_08
210.0,0.0,2022_08
211.0,0.0,2022_08
212.0,0.0,2022_08
213.0,0.0,2022_08
214.0,0.0,2022_08
215.0,0.0,2022_08
216.0,0.0,2022_08
217.0,0.0,2022_08
219.0,0.0,2022_08
220.0,0.0,2022_08
221.0,0.0,2022_08
222.0,0.0,2022_08
223.0,0.0,2022_08
224.0,0.0,2022_08
225.0,0.0,2022_08
226.0,0.0,2022_08
227.0,0.0,2022_08
228.0,0.0,2022_08
230.0,0.0,2022_08
231.0,0.0,2022_08
233.0,0.0,2022_08
234.0,0.0,2022_08
238.0,0.0,2022_08
239.0,0.0,2022_08
241.0,1.51,2022_08
245.0,0.4599999999999999,2022_08
246.0,0.0,2022_08
247.0,0.0,2022_08
248.0,0.0,2022_08
249.0,0.0,2022_08
250.0,0.0,2022_08
251.0,0.0,2022_08
252.0,0.0,2022_08
253.0,0.0,2022_08
254.0,0.0,2022_08
255.0,0.0,2022_08
256.0,0.0,2022_08
257.0,0.0,2022_08
259.0,0.0,2022_08
260.0,0.0,2022_08
261.0,0.0,2022_08
262.0,0.0,2022_08
264.0,0.0,2022_08
265.0,0.47,2022_08
266.0,0.0,2022_08
268.0,0.0,2022_08
269.0,0.0,2022_08
270.0,0.0,2022_08
271.0,0.0,2022_08
272.0,0.0,2022_08
273.0,0.0,2022_08
275.0,0.0,2022_08
276.0,0.0,2022_08
277.0,0.0,2022_08
278.0,0.0,2022_08
279.0,0.0,2022_08
280.0,0.0,2022_08
281.0,0.0,2022_08
101.0,0.0,2022_05
102.0,0.0,2022_05
103.0,0.0,2022_05
104.0,0.0,2022_05
105.0,0.0,2022_05
109.0,0.0,2022_05
110.0,0.0,2022_05
111.0,0.0,2022_05
112.0,0.0,2022_05
113.0,0.0,2022_05
114.0,0.0,2022_05
115.0,0.0,2022_05
116.0,0.0,2022_05
117.0,0.0,2022_05
118.0,0.0,2022_05
119.0,0.0,2022_05
120.0,0.0,2022_05
121.0,0.0,2022_05
122.0,0.0,2022_05
123.0,0.0,2022_05
124.0,0.0,2022_05
126.0,0.0,2022_05
127.0,0.0,2022_05
128.0,71.26,2022_05
129.0,0.0,2022_05
130.0,0.0,2022_05
131.0,0.0,2022_05
132.0,0.0,2022_05
133.0,0.0,2022_05
134.0,70.26,2022_05
135.0,249.95,2022_05
136.0,207.95,2022_05
137.0,1.2,2022_05
138.0,3.27,2022_05
139.0,1.08,2022_05
140.0,2.2,2022_05
141.0,0.0,2022_05
142.0,0.0,2022_05
143.0,0.82,2022_05
144.0,0.0,2022_05
145.0,2.19,2022_05
146.0,0.0,2022_05
147.0,0.0,2022_05
150.0,1.14,2022_05
151.0,0.0,2022_05
152.0,0.0,2022_05
153.0,0.0,2022_05
154.0,0.0,2022_05
155.0,0.0,2022_05
156.0,0.0,2022_05
157.0,0.0,2022_05
158.0,0.0,2022_05
159.0,0.0,2022_05
160.0,4.13,2022_05
161.0,0.0,2022_05
162.0,0.0,2022_05
163.0,0.0,2022_05
164.0,0.0,2022_05
165.0,0.0,2022_05
166.0,0.0,2022_05
167.0,0.0,2022_05
168.0,0.0,2022_05
169.0,0.0,2022_05
170.0,0.0,2022_05
171.0,0.0,2022_05
172.0,0.0,2022_05
173.0,0.0,2022_05
174.0,0.0,2022_05
175.0,0.0,2022_05
176.0,0.0,2022_05
177.0,0.0,2022_05
178.0,0.0,2022_05
179.0,0.0,2022_05
181.0,20.47,2022_05
184.0,72.32,2022_05
185.0,123.65,2022_05
186.0,80.0,2022_05
187.0,65.83,2022_05
188.0,25.290000000000003,2022_05
189.0,16.07,2022_05
190.0,4.71,2022_05
191.0,0.0,2022_05
192.0,0.0,2022_05
193.0,0.0,2022_05
194.0,6.29,2022_05
195.0,0.0,2022_05
196.0,0.0,2022_05
197.0,0.0,2022_05
198.0,0.0,2022_05
199.0,0.0,2022_05
200.0,0.0,2022_05
201.0,0.0,2022_05
202.0,0.0,2022_05
205.0,0.0,2022_05
206.0,0.0,2022_05
207.0,0.0,2022_05
208.0,0.16,2022_05
209.0,0.0,2022_05
210.0,0.6000000000000001,2022_05
211.0,0.0,2022_05
212.0,0.0,2022_05
213.0,0.0,2022_05
214.0,0.0,2022_05
215.0,0.0,2022_05
216.0,0.0,2022_05
217.0,0.0,2022_05
219.0,0.0,2022_05
220.0,0.0,2022_05
221.0,0.0,2022_05
222.0,0.0,2022_05
223.0,0.0,2022_05
224.0,0.0,2022_05
225.0,0.0,2022_05
226.0,0.0,2022_05
227.0,0.0,2022_05
228.0,0.0,2022_05
230.0,0.0,2022_05
231.0,0.0,2022_05
233.0,0.0,2022_05
234.0,0.0,2022_05
238.0,27.13,2022_05
239.0,0.0,2022_05
241.0,0.45,2022_05
245.0,0.05,2022_05
246.0,7.58,2022_05
247.0,2.16,2022_05
248.0,0.0,2022_05
249.0,4.29,2022_05
250.0,2.4799999999999995,2022_05
251.0,0.0,2022_05
252.0,339.34,2022_05
253.0,31.74,2022_05
254.0,5.88,2022_05
255.0,19.27,2022_05
256.0,0.0,2022_05
257.0,0.0,2022_05
259.0,0.0,2022_05
260.0,0.0,2022_05
261.0,0.0,2022_05
262.0,0.0,2022_05
264.0,0.0,2022_05
265.0,0.0,2022_05
266.0,0.0,2022_05
268.0,4.64,2022_05
269.0,18.84,2022_05
270.0,14.8,2022_05
271.0,0.0,2022_05
272.0,0.0,2022_05
273.0,0.0,2022_05
275.0,0.0,2022_05
276.0,0.0,2022_05
277.0,0.0,2022_05
278.0,0.28,2022_05
279.0,0.0,2022_05
280.0,0.0,2022_05
281.0,0.0,2022_05
101.0,0.0,2021_07
102.0,0.0,2021_07
103.0,0.0,2021_07
104.0,0.0,2021_07
105.0,0.0,2021_07
109.0,0.0,2021_07
110.0,0.0,2021_07
111.0,0.0,2021_07
112.0,0.0,2021_07
113.0,0.0,2021_07
114.0,0.0,2021_07
115.0,0.0,2021_07
116.0,0.0,2021_07
117.0,0.0,2021_07
118.0,0.0,2021_07
119.0,0.0,2021_07
120.0,0.0,2021_07
121.0,0.0,2021_07
122.0,0.0,2021_07
123.0,0.0,2021_07
124.0,0.0,2021_07
126.0,0.0,2021_07
127.0,0.0,2021_07
128.0,0.0,2021_07
129.0,0.0,2021_07
130.0,0.0,2021_07
131.0,0.0,2021_07
132.0,0.0,2021_07
133.0,0.0,2021_07
134.0,0.0,2021_07
135.0,0.0,2021_07
136.0,0.0,2021_07
137.0,0.0,2021_07
138.0,0.0,2021_07
139.0,0.0,2021_07
140.0,0.0,2021_07
141.0,0.0,2021_07
142.0,0.0,2021_07
143.0,0.69,2021_07
144.0,0.0,2021_07
145.0,0.0,2021_07
146.0,0.0,2021_07
147.0,0.0,2021_07
150.0,0.54,2021_07
151.0,0.0,2021_07
152.0,0.0,2021_07
153.0,0.92,2021_07
154.0,0.0,2021_07
155.0,0.0,2021_07
156.0,1.71,2021_07
157.0,0.0,2021_07
158.0,0.0,2021_07
159.0,0.0,2021_07
160.0,3.35,2021_07
161.0,0.0,2021_07
162.0,0.0,2021_07
163.0,0.0,2021_07
164.0,0.0,2021_07
165.0,0.0,2021_07
166.0,0.0,2021_07
167.0,0.0,2021_07
168.0,0.0,2021_07
169.0,0.0,2021_07
170.0,0.0,2021_07
171.0,0.0,2021_07
172.0,0.0,2021_07
173.0,0.0,2021_07
174.0,0.0,2021_07
175.0,0.0,2021_07
176.0,0.0,2021_07
177.0,0.0,2021_07
178.0,0.0,2021_07
179.0,0.0,2021_07
181.0,0.0,2021_07
184.0,0.0,2021_07
185.0,0.0,2021_07
186.0,0.0,2021_07
187.0,0.0,2021_07
188.0,0.0,2021_07
189.0,0.0,2021_07
190.0,0.0,2021_07
191.0,0.0,2021_07
192.0,0.0,2021_07
193.0,0.0,2021_07
194.0,0.0,2021_07
195.0,0.0,2021_07
196.0,0.0,2021_07
197.0,0.0,2021_07
198.0,0.0,2021_07
199.0,0.0,2021_07
200.0,0.0,2021_07
201.0,0.0,2021_07
202.0,0.0,2021_07
205.0,0.0,2021_07
206.0,0.0,2021_07
207.0,0.0,2021_07
208.0,0.0,2021_07
209.0,0.0,2021_07
210.0,0.0,2021_07
211.0,0.0,2021_07
212.0,0.0,2021_07
213.0,0.0,2021_07
214.0,0.0,2021_07
215.0,0.0,2021_07
216.0,0.0,2021_07
217.0,0.0,2021_07
219.0,0.0,2021_07
220.0,0.0,2021_07
221.0,0.0,2021_07
222.0,0.0,2021_07
223.0,0.0,2021_07
224.0,0.0,2021_07
225.0,0.0,2021_07
226.0,0.0,2021_07
227.0,0.0,2021_07
228.0,0.0,2021_07
230.0,0.0,2021_07
231.0,0.0,2021_07
233.0,0.0,2021_07
234.0,0.0,2021_07
238.0,0.0,2021_07
239.0,0.0,2021_07
241.0,0.0,2021_07
245.0,0.0,2021_07
246.0,0.0,2021_07
247.0,0.0,2021_07
248.0,0.0,2021_07
249.0,0.0,2021_07
250.0,0.0,2021_07
251.0,0.0,2021_07
252.0,0.0,2021_07
253.0,0.0,2021_07
254.0,0.0,2021_07
255.0,0.0,2021_07
256.0,0.0,2021_07
257.0,0.0,2021_07
259.0,0.0,2021_07
260.0,0.0,2021_07
261.0,0.0,2021_07
262.0,0.0,2021_07
264.0,0.0,2021_07
265.0,0.0,2021_07
266.0,0.0,2021_07
268.0,0.0,2021_07
269.0,0.0,2021_07
270.0,0.0,2021_07
271.0,0.0,2021_07
272.0,0.0,2021_07
273.0,0.0,2021_07
275.0,0.0,2021_07
276.0,0.0,2021_07
277.0,0.0,2021_07
278.0,0.0,2021_07
279.0,0.0,2021_07
280.0,0.0,2021_07
281.0,0.0,2021_07
101.0,0.0,2022_07
102.0,0.0,2022_07
103.0,0.0,2022_07
104.0,0.0,2022_07
105.0,0.0,2022_07
109.0,0.0,2022_07
110.0,0.0,2022_07
111.0,0.0,2022_07
112.0,0.0,2022_07
113.0,0.0,2022_07
114.0,0.0,2022_07
115.0,0.0,2022_07
116.0,0.0,2022_07
117.0,0.0,2022_07
118.0,0.0,2022_07
119.0,0.0,2022_07
120.0,0.0,2022_07
121.0,0.0,2022_07
122.0,0.0,2022_07
123.0,0.0,2022_07
124.0,0.0,2022_07
126.0,24.08,2022_07
127.0,0.0,2022_07
128.0,63.26,2022_07
129.0,8.49,2022_07
130.0,0.0,2022_07
131.0,0.0,2022_07
132.0,0.0,2022_07
133.0,0.0,2022_07
134.0,12.04,2022_07
135.0,124.2,2022_07
136.0,0.0,2022_07
137.0,3.21,2022_07
138.0,0.32,2022_07
139.0,0.64,2022_07
140.0,0.0,2022_07
141.0,1.42,2022_07
142.0,19.24,2022_07
143.0,0.0,2022_07
144.0,0.0,2022_07
145.0,0.0,2022_07
146.0,0.05,2022_07
147.0,8.53,2022_07
150.0,1.87,2022_07
151.0,4.87,2022_07
152.0,5.78,2022_07
153.0,0.0,2022_07
154.0,1.57,2022_07
155.0,1.3,2022_07
156.0,2.94,2022_07
157.0,0.0,2022_07
158.0,9.56,2022_07
159.0,2.46,2022_07
160.0,3.78,2022_07
161.0,1.05,2022_07
162.0,4.16,2022_07
163.0,0.24,2022_07
164.0,0.4,2022_07
165.0,17.68,2022_07
166.0,0.36,2022_07
167.0,0.0,2022_07
168.0,0.0,2022_07
169.0,0.0,2022_07
170.0,0.0,2022_07
171.0,0.0,2022_07
172.0,0.0,2022_07
173.0,0.0,2022_07
174.0,0.0,2022_07
175.0,0.0,2022_07
176.0,0.0,2022_07
177.0,0.0,2022_07
178.0,0.0,2022_07
179.0,0.0,2022_07
181.0,4.78,2022_07
184.0,19.6,2022_07
185.0,176.64999999999998,2022_07
186.0,0.0,2022_07
187.0,7.32,2022_07
188.0,85.74,2022_07
189.0,66.1,2022_07
190.0,0.63,2022_07
191.0,10.39,2022_07
192.0,0.0,2022_07
193.0,12.0,2022_07
194.0,8.950000000000001,2022_07
195.0,0.0,2022_07
196.0,0.0,2022_07
197.0,0.0,2022_07
198.0,0.0,2022_07
199.0,0.0,2022_07
200.0,0.0,2022_07
201.0,0.0,2022_07
202.0,0.0,2022_07
205.0,0.0,2022_07
206.0,0.0,2022_07
207.0,2.34,2022_07
208.0,0.0,2022_07
209.0,0.0,2022_07
210.0,0.0,2022_07
211.0,0.0,2022_07
212.0,0.0,2022_07
213.0,0.0,2022_07
214.0,0.0,2022_07
215.0,0.0,2022_07
216.0,0.0,2022_07
217.0,0.0,2022_07
219.0,0.0,2022_07
220.0,0.0,2022_07
221.0,0.0,2022_07
222.0,0.0,2022_07
223.0,0.0,2022_07
224.0,0.0,2022_07
225.0,0.0,2022_07
226.0,0.0,2022_07
227.0,0.0,2022_07
228.0,0.0,2022_07
230.0,0.0,2022_07
231.0,0.0,2022_07
233.0,0.0,2022_07
234.0,0.0,2022_07
238.0,0.0,2022_07
239.0,11.71,2022_07
241.0,0.0,2022_07
245.0,0.0,2022_07
246.0,0.0,2022_07
247.0,0.54,2022_07
248.0,0.0,2022_07
249.0,0.0,2022_07
250.0,0.0,2022_07
251.0,0.0,2022_07
252.0,1.5,2022_07
253.0,0.0,2022_07
254.0,0.0,2022_07
255.0,41.07,2022_07
256.0,0.0,2022_07
257.0,0.0,2022_07
259.0,4.79,2022_07
260.0,0.0,2022_07
261.0,0.0,2022_07
262.0,0.0,2022_07
264.0,0.0,2022_07
265.0,0.0,2022_07
266.0,0.0,2022_07
268.0,0.0,2022_07
269.0,8.73,2022_07
270.0,0.0,2022_07
271.0,0.0,2022_07
272.0,0.0,2022_07
273.0,0.0,2022_07
275.0,0.0,2022_07
276.0,0.0,2022_07
277.0,0.0,2022_07
278.0,3.13,2022_07
279.0,5.08,2022_07
280.0,0.0,2022_07
281.0,0.0,2022_07
101.0,0.0,2021_09
102.0,0.0,2021_09
103.0,0.0,2021_09
104.0,0.0,2021_09
105.0,0.0,2021_09
109.0,0.0,2021_09
110.0,0.0,2021_09
111.0,0.0,2021_09
112.0,0.0,2021_09
113.0,0.0,2021_09
114.0,0.0,2021_09
115.0,0.0,2021_09
116.0,0.0,2021_09
117.0,0.37,2021_09
118.0,0.0,2021_09
119.0,0.0,2021_09
120.0,0.0,2021_09
121.0,0.0,2021_09
122.0,4.22,2021_09
123.0,0.0,2021_09
124.0,0.0,2021_09
126.0,53.45,2021_09
127.0,0.0,2021_09
128.0,0.0,2021_09
129.0,0.0,2021_09
130.0,0.66,2021_09
131.0,6.26,2021_09
132.0,0.0,2021_09
133.0,0.0,2021_09
134.0,0.0,2021_09
135.0,0.0,2021_09
136.0,0.0,2021_09
137.0,12.59,2021_09
138.0,0.0,2021_09
139.0,0.0,2021_09
140.0,0.0,2021_09
141.0,0.0,2021_09
142.0,4.34,2021_09
143.0,0.0,2021_09
144.0,0.0,2021_09
145.0,0.03,2021_09
146.0,0.0,2021_09
147.0,0.0,2021_09
150.0,8.17,2021_09
151.0,0.0,2021_09
152.0,0.12,2021_09
153.0,0.0,2021_09
154.0,0.0,2021_09
155.0,0.0,2021_09
156.0,0.0,2021_09
157.0,0.0,2021_09
158.0,0.0,2021_09
159.0,0.0,2021_09
160.0,0.0,2021_09
161.0,0.0,2021_09
162.0,0.0,2021_09
163.0,0.0,2021_09
164.0,0.0,2021_09
165.0,0.0,2021_09
166.0,0.0,2021_09
167.0,0.0,2021_09
168.0,0.0,2021_09
169.0,0.0,2021_09
170.0,0.0,2021_09
171.0,0.0,2021_09
172.0,77.81,2021_09
173.0,3.11,2021_09
174.0,7.3,2021_09
175.0,0.0,2021_09
176.0,0.0,2021_09
177.0,0.0,2021_09
178.0,0.0,2021_09
179.0,0.0,2021_09
181.0,0.0,2021_09
184.0,0.0,2021_09
185.0,0.0,2021_09
186.0,0.0,2021_09
187.0,0.0,2021_09
188.0,0.0,2021_09
189.0,0.0,2021_09
190.0,0.0,2021_09
191.0,0.0,2021_09
192.0,0.0,2021_09
193.0,0.0,2021_09
194.0,0.0,2021_09
195.0,0.0,2021_09
196.0,0.0,2021_09
197.0,0.0,2021_09
198.0,0.0,2021_09
199.0,0.3,2021_09
200.0,0.64,2021_09
201.0,0.0,2021_09
202.0,0.0,2021_09
205.0,0.0,2021_09
206.0,0.0,2021_09
207.0,1.67,2021_09
208.0,0.0,2021_09
209.0,0.0,2021_09
210.0,0.0,2021_09
211.0,0.0,2021_09
212.0,0.0,2021_09
213.0,0.0,2021_09
214.0,0.0,2021_09
215.0,0.0,2021_09
216.0,0.0,2021_09
217.0,0.0,2021_09
219.0,0.0,2021_09
220.0,0.0,2021_09
221.0,8.64,2021_09
222.0,0.0,2021_09
223.0,0.0,2021_09
224.0,0.0,2021_09
225.0,0.0,2021_09
226.0,0.0,2021_09
227.0,0.0,2021_09
228.0,0.0,2021_09
230.0,0.0,2021_09
231.0,0.0,2021_09
233.0,0.0,2021_09
234.0,0.0,2021_09
238.0,0.0,2021_09
239.0,0.0,2021_09
241.0,0.0,2021_09
245.0,0.0,2021_09
246.0,0.0,2021_09
247.0,0.0,2021_09
248.0,0.0,2021_09
249.0,0.0,2021_09
250.0,0.0,2021_09
251.0,0.0,2021_09
252.0,0.0,2021_09
253.0,0.0,2021_09
254.0,0.0,2021_09
255.0,0.0,2021_09
256.0,0.0,2021_09
257.0,0.0,2021_09
259.0,0.0,2021_09
260.0,0.0,2021_09
261.0,0.0,2021_09
262.0,0.0,2021_09
264.0,0.0,2021_09
265.0,0.0,2021_09
266.0,0.5,2021_09
268.0,0.0,2021_09
269.0,0.0,2021_09
270.0,0.0,2021_09
271.0,0.0,2021_09
272.0,4.05,2021_09
273.0,0.0,2021_09
275.0,0.0,2021_09
276.0,1.98,2021_09
277.0,0.0,2021_09
278.0,0.0,2021_09
279.0,0.0,2021_09
280.0,0.0,2021_09
281.0,6.640000000000001,2021_09
